{
  "final_equity": -1.0000412844410267,
  "total_return_pct": -200.00412844410266,
  "max_drawdown_pct": -200.37758281507956,
  "sharpe_proxy": -1.1666877680806793,
  "trade_entries": 21,
  "tp_events": 6,
  "stop_events": 18
}