{
  "final_equity": -1.001527619230475,
  "total_return_pct": -200.1527619230475,
  "max_drawdown_pct": -200.3775828150796,
  "sharpe_proxy": -1.1666301042752796,
  "trade_entries": 21,
  "tp_events": 6,
  "stop_events": 18
}