{
  "regime": "TREND_DOWN",
  "edge_score": 0.0,
  "edge_event": "",
  "atr": 144.72595224622725,
  "box_high": 89432.0,
  "box_low": 86824.8,
  "box_mid": 88128.4,
  "box_width": 2607.199999999997,
  "z": -0.3412554518708084,
  "rsi": 44.64344149323704,
  "stoch_k": 0.903885102699341,
  "stoch_d": 0.7172167882525473,
  "eff": 98.87180807721268,
  "eff_q": 30.600652561634547,
  "support_levels": [],
  "support_probs": [],
  "resist_levels": [
    88674.27119999999,
    88677.4,
    88672.6256
  ],
  "resist_probs": [
    0.6474329414024416,
    0.6439195425123088,
    0.6428847592016731
  ],
  "p_accum": 0.14427218198031974,
  "p_reaccum": 0.14427218198031974,
  "p_distrib": 0.14427218198031974,
  "p_redistr": 0.39217245062923967,
  "p_spring": 0.08750550171470443,
  "p_utad": 0.08750550171470443,
  "top1_page": "redistr",
  "confidence": 0.39217245062923967,
  "top1_runlen": 11,
  "trade_gate": 0
}