{
  "final_equity": 1.0107038598125087,
  "total_return_pct": 1.0703859812508654,
  "max_drawdown_pct": -0.3915756371470791,
  "sharpe_proxy": 0.6051805825175983,
  "trade_entries": 3,
  "tp_events": 2,
  "stop_events": 1
}