{
  "methodology": "Out-of-Sample",
  "train_years": [
    "2021",
    "2022",
    "2023"
  ],
  "validation_year": "2023",
  "test_year": "2024",
  "best_params": {
    "atr_sl": 1.5,
    "atr_tp": 3.0,
    "leverage": 3
  },
  "validation_pnl": -444.4612463129891,
  "test_pnl": -7627.8387394800075,
  "test_trades": 201,
  "test_win_rate": 31.343283582089555,
  "test_sl_rate": 66.16915422885572,
  "test_tp_rate": 27.363184079601986,
  "original_leaked_pnl": 122946.25,
  "overfitting_gap": 130574.08873948001,
  "validated_at": "2026-01-14T12:04:15.274468"
}