{
  "regime": "TREND_UP",
  "edge_score": 0.0,
  "edge_event": "",
  "atr": 532.0083501100816,
  "box_high": NaN,
  "box_low": NaN,
  "box_mid": NaN,
  "box_width": NaN,
  "z": 0.9121041874623665,
  "rsi": 58.079767488826946,
  "stoch_k": 0.7081005852562946,
  "stoch_d": 0.7842728765595804,
  "eff": 360.1556236481333,
  "eff_q": 93.4467230652945,
  "p_accum": 0.16666666666663887,
  "p_reaccum": 0.16666666666663887,
  "p_distrib": 0.16666666666663887,
  "p_redistr": 0.16666666666663887,
  "p_spring": 0.16666666666663887,
  "p_utad": 0.16666666666663887,
  "top1_page": "accum",
  "confidence": 0.16666666666663887,
  "top1_runlen": 72,
  "trade_gate": 0
}