{
  "regime": "RANGE",
  "edge_score": 0.0,
  "edge_event": "",
  "atr": 154.2922054962244,
  "box_high": 89400.0,
  "box_low": 86845.66,
  "box_mid": 88122.83,
  "box_width": 2554.3399999999965,
  "z": -0.09139259768838665,
  "rsi": 47.806960049553666,
  "stoch_k": 0.10112245442346464,
  "stoch_d": 0.24208664992861637,
  "eff": 224.16650638105784,
  "eff_q": 47.82476325696533,
  "z_1h": 0.41429550047527725,
  "rsi_1h": 54.05359301607801,
  "z_4h": 0.5080505969326845,
  "rsi_4h": 52.92842529281423,
  "support_levels": [
    88306.64332,
    88314.45614,
    88332.28456
  ],
  "support_probs": [
    0.9989259767811333,
    0.998041144245184,
    0.9960220056907837
  ],
  "resist_levels": [
    88315.644,
    88315.644
  ],
  "resist_probs": [
    0.9979066144369766,
    0.9979066144369766
  ],
  "p_accum": 0.3063702046548172,
  "p_reaccum": 0.1376610066939302,
  "p_distrib": 0.3063702046548172,
  "p_redistr": 0.1376610066939302,
  "p_spring": 0.055968788651099534,
  "p_utad": 0.055968788651099534,
  "top1_page": "accum",
  "confidence": 0.3063702046548172,
  "top1_runlen": 9,
  "trade_gate": 0
}