{
  "final_equity": 1.16485622869061,
  "total_return_pct": 16.48562286906099,
  "max_drawdown_pct": -0.4546106486239432,
  "sharpe_proxy": 0.3844832276565959,
  "trade_entries": 4,
  "tp_events": 2,
  "stop_events": 2
}