{
  "regime": "RANGE",
  "edge_score": 0.0,
  "edge_event": "",
  "atr": 4.387797614907324,
  "box_high": 9888.293902964973,
  "box_low": 9834.642848029443,
  "box_mid": 9861.468375497208,
  "box_width": 53.65105493552983,
  "z": 0.20114188266016605,
  "rsi": 52.89459364235638,
  "stoch_k": 0.19168924991643665,
  "stoch_d": 0.1487620632322122,
  "eff": 0.2939102863914996,
  "eff_q": 0.3160777375953716,
  "z_15m": 0.8732858445289016,
  "rsi_15m": 55.483781791551195,
  "z_1h": -0.2643510945913723,
  "rsi_1h": 42.501569427985324,
  "p_accum": 0.38056149328517075,
  "p_reaccum": 0.08491474694304575,
  "p_distrib": 0.38056149328517075,
  "p_redistr": 0.08491474694304575,
  "p_spring": 0.0345237597715932,
  "p_utad": 0.0345237597715932,
  "top1_page": "accum",
  "confidence": 0.38056149328517075,
  "top1_runlen": 11,
  "trade_gate": 0
}