{
  "final_equity": 0.9926242782441583,
  "total_return_pct": -0.7375721755841669,
  "max_drawdown_pct": -200.945971875883,
  "sharpe_proxy": -1.0094921433250819,
  "trade_entries": 2,
  "tp_events": 1,
  "stop_events": 1
}