{
  "regime": "TREND_UP",
  "edge_score": 0.0,
  "edge_event": "",
  "atr": 532.9298507396011,
  "box_high": 90599.0,
  "box_low": 86355.0,
  "box_mid": 88477.0,
  "box_width": 4244.0,
  "z": 0.7290610515244893,
  "rsi": 56.59767158655807,
  "stoch_k": 0.6971314111214526,
  "stoch_d": 0.7819634261467145,
  "eff": 161.15340693392773,
  "eff_q": 88.34928642979908,
  "support_levels": [],
  "support_probs": [],
  "resist_levels": [],
  "resist_probs": [],
  "p_accum": 0.14427218198031974,
  "p_reaccum": 0.39217245062923967,
  "p_distrib": 0.14427218198031974,
  "p_redistr": 0.14427218198031974,
  "p_spring": 0.08750550171470443,
  "p_utad": 0.08750550171470443,
  "top1_page": "reaccum",
  "confidence": 0.39217245062923967,
  "top1_runlen": 6,
  "trade_gate": 0
}