{
  "final_equity": 0.9925853158896609,
  "total_return_pct": -0.7414684110339076,
  "max_drawdown_pct": -200.945971875883,
  "sharpe_proxy": -1.0095020843365161,
  "trade_entries": 2,
  "tp_events": 1,
  "stop_events": 1
}