{
  "final_equity": 0.9926762280501549,
  "total_return_pct": -0.7323771949845126,
  "max_drawdown_pct": -200.945971875883,
  "sharpe_proxy": -1.0094788883404442,
  "trade_entries": 2,
  "tp_events": 1,
  "stop_events": 1
}