{
  "regime": "TREND_UP",
  "edge_score": 0.0,
  "edge_event": "",
  "atr": 532.9298507396011,
  "box_high": 90599.0,
  "box_low": 86355.0,
  "box_mid": 88477.0,
  "box_width": 4244.0,
  "z": 0.7428924015673122,
  "rsi": 56.70037748088379,
  "stoch_k": 0.6982224427242766,
  "stoch_d": 0.7823271033476559,
  "eff": 169.48744769812544,
  "eff_q": 88.34928642979908,
  "support_levels": [
    88594.7852,
    88594.7852,
    88594.7852
  ],
  "support_probs": [
    0.4421829861956166,
    0.4421829861956166,
    0.4421829861956166
  ],
  "resist_levels": [],
  "resist_probs": [],
  "p_accum": 0.14427218198031974,
  "p_reaccum": 0.39217245062923967,
  "p_distrib": 0.14427218198031974,
  "p_redistr": 0.14427218198031974,
  "p_spring": 0.08750550171470443,
  "p_utad": 0.08750550171470443,
  "top1_page": "reaccum",
  "confidence": 0.39217245062923967,
  "top1_runlen": 6,
  "trade_gate": 0
}