{
  "regime": "RANGE",
  "edge_score": 0.0,
  "edge_event": "",
  "atr": 78.94697946916756,
  "box_high": 89557.6,
  "box_low": 88300.5,
  "box_mid": 88929.05,
  "box_width": 1257.1000000000058,
  "z": -1.4062335565807085,
  "rsi": 38.48564459150206,
  "stoch_k": 0.059307928884432,
  "stoch_d": 0.024728793143621086,
  "eff": 26.719202909362956,
  "eff_q": 28.25945547923368,
  "support_levels": [
    88543.5506,
    88541.696,
    88540.77
  ],
  "support_probs": [
    0.5497497054335168,
    0.5403530191386074,
    0.5356612626903251
  ],
  "resist_levels": [],
  "resist_probs": [],
  "p_accum": 0.38056149328517075,
  "p_reaccum": 0.08491474694304575,
  "p_distrib": 0.38056149328517075,
  "p_redistr": 0.08491474694304575,
  "p_spring": 0.03452375977159319,
  "p_utad": 0.03452375977159319,
  "top1_page": "accum",
  "confidence": 0.38056149328517075,
  "top1_runlen": 25,
  "trade_gate": 0
}