{
  "regime": "TREND_UP",
  "edge_score": 0.0,
  "edge_event": "",
  "atr": 532.0083501100816,
  "box_high": NaN,
  "box_low": NaN,
  "box_mid": NaN,
  "box_width": NaN,
  "z": 0.7173166810415481,
  "rsi": 56.65849810243916,
  "stoch_k": 0.6929902758776659,
  "stoch_d": 0.7792361067667043,
  "eff": 159.69160680650756,
  "eff_q": 93.4467230652945,
  "support_levels": [],
  "support_probs": [],
  "resist_levels": [],
  "resist_probs": [],
  "p_accum": 0.16666666666663887,
  "p_reaccum": 0.16666666666663887,
  "p_distrib": 0.16666666666663887,
  "p_redistr": 0.16666666666663887,
  "p_spring": 0.16666666666663887,
  "p_utad": 0.16666666666663887,
  "top1_page": "accum",
  "confidence": 0.16666666666663887,
  "top1_runlen": 72,
  "trade_gate": 0
}